Site_ID,Site_Name ,Country
1204,Abouleg,Algeria
1205,Abrid Afalou,Algeria
945,Adrar Tiouiyne,Algeria
1222,Ain Guettara,Algeria
1223,Ain Misteheyia,Algeria
1224,Ain Naga,Algeria
1225,Ain Touta,Algeria
946,Amekini,Algeria
948,Erg Tihodaine,Algeria
947,Menjet,Algeria
1365,Setif,Algeria
108,Alibori Sill,Benin
671,Birnin Lafiya,Benin
934,Bogo-Bogo,Benin
1101,DO 00,Benin
1103,GOHO.00,Benin
1099,Goroberi,Benin
938,Guene zeno,Benin
902,Kantoro,Benin
1253,Kargui,Benin
935,Kargui,Benin
667,Kompa Dune,Benin
668,Kompa Moussékoubou ,Benin
937,Kozungu,Benin
936,Madekali,Benin
1255,Madekali Road,Benin
933,Pekinga,Benin
1104,Tannou,Benin
679,Tintin,Benin
1102,YEV-1,Benin
1376,Kgaswe,Botswana
1377,Matlapeng,Botswana
1378,Nqoma,Botswana
1695,Batenga,BurkinaFaso
1054,Bena,BurkinaFaso
641,Corcoba,BurkinaFaso
1056,Diekono,BurkinaFaso
631,Dori 94/40,BurkinaFaso
632,Dori 94/96,BurkinaFaso
1037,Fadar,BurkinaFaso
1441,Kawara,BurkinaFaso
1144,Kaya,BurkinaFaso
1057,Kebe Sira Kan Tomo,BurkinaFaso
1055,Kerebe Sira Tomo,BurkinaFaso
1087,Kirikongo,BurkinaFaso
1129,Kissi 14,BurkinaFaso
636,Kissi 22,BurkinaFaso
687,Kissi 3,BurkinaFaso
638,Kissi 40,BurkinaFaso
689,Kissi-49,BurkinaFaso
1177,Kolèl Nord,BurkinaFaso
1143,Korsimoro,BurkinaFaso
696,Maadaga,BurkinaFaso
346,MAS502,BurkinaFaso
362,MAS541,BurkinaFaso
1696,Nimpoui,BurkinaFaso
630,Oursi,BurkinaFaso
1182,Oursi 1 ,BurkinaFaso
1179,Oursi 2 ,BurkinaFaso
1180,Oursi 3 ,BurkinaFaso
1181,Oursi 4 ,BurkinaFaso
635,Oursi hu-beero,BurkinaFaso
1178,Oursi Ost (Champs d'Oursi),BurkinaFaso
634,Oursi village,BurkinaFaso
347,Péntènga,BurkinaFaso
837,Rim,BurkinaFaso
639,Saouga A,BurkinaFaso
640,Saouga B,BurkinaFaso
1697,Sidigo,BurkinaFaso
1176,Sirkangou ,BurkinaFaso
633,Tin Akof,BurkinaFaso
747,Tora Sira Tomo,BurkinaFaso
838,Wairegaigu,BurkinaFaso
1698,Yamane,BurkinaFaso
1256,Nyaruyaga II,Burundi
60,Abang Minko'o,Cameroon
597,Abeke,Cameroon
602,Adoumri,Cameroon
644,Aissa Dugjé,Cameroon
1,Akak 1    ,Cameroon
63,Akok begnat 2,Cameroon
65,Akonetye,Cameroon
647,Amachita,Cameroon
532,Angon II,Cameroon
528,Angon II,Cameroon
510,Angonfeme,Cameroon
2,Avoh,Cameroon
71,Bagofit,Cameroon
3,Baleng,Cameroon
72,Bali River,Cameroon
456,Bambo,Cameroon
457,Bambo,Cameroon
458,Bambo,Cameroon
75,Bandewouri,Cameroon
4,Bankouop,Cameroon
604,BE-Butte I/TR A,Cameroon
605,BE-Butte I/TR B,Cameroon
539,Beka Petel,Cameroon
541,Beka Petel,Cameroon
5,Beka Petel-Gamboro,Cameroon
460,Belabo SOCOPAO,Cameroon
435,Bemboyo ,Cameroon
618,Bibalé Tchuin,Cameroon
467,Bidjocka,Cameroon
469,Bidjocka,Cameroon
83,Bidjouka,Cameroon
84,Bidou II,Cameroon
475,Bifoum,Cameroon
499,Bikoka,Cameroon
518,Bikoka,Cameroon
568,Bikoto,Cameroon
490,Bikoue I,Cameroon
492,Bikoue I,Cameroon
506,Bikoue II Rockshelter,Cameroon
494,Bikoue-Si,Cameroon
500,Bikoue-Si,Cameroon
502,Bikoue-Si,Cameroon
504,Bikoue-Si,Cameroon
86,Binguela 2,Cameroon
451,Biombe,Cameroon
464,Biombe,Cameroon
450,Biombe (PS3),Cameroon
87,Bissiang,Cameroon
656,Blabli,Cameroon
626,Blé A,Cameroon
627,Blé B,Cameroon
628,Blé C,Cameroon
629,Blé E,Cameroon
657,Blé Mound D,Cameroon
92,Bolo Bai,Cameroon
1071,Boulou River,Cameroon
101,Boussibiliga 1,Cameroon
102,Bwambé,Cameroon
47,Campo,Cameroon
104,Campo 1,Cameroon
105,Campo beach,Cameroon
399,Campo Center,Cameroon
401,Campo Eglise,Cameroon
520,Dang-patou,Cameroon
662,Deguesse,Cameroon
1242,DGB-1,Cameroon
1243,DGB-2,Cameroon
1244,DGB-8,Cameroon
109,Dibamba,Cameroon
9,Djaoro Mbama,Cameroon
113,Djembé  ,Cameroon
607,Djobemou,Cameroon
1136,Dokwaza,Cameroon
115,Dombé,Cameroon
522,Douafo,Cameroon
1240,Doulo 4,Cameroon
1239,Doulo Chefferie,Cameroon
51,Doulo Igzawa 1,Cameroon
606,Douloumi,Cameroon
10,Doumba,Cameroon
454,Ebaka,Cameroon
461,Ebaka,Cameroon
462,Ebaka,Cameroon
546,Ebot,Cameroon
548,Ebot,Cameroon
117,Eboundja 3,Cameroon
533,Ekabita,Cameroon
118,Ekak,Cameroon
593,Elig Kono,Cameroon
556,Elig Mebenga,Cameroon
122,Essong Missang,Cameroon
11,Ewani 1 ,Cameroon
12,Ewani 6,Cameroon
13,Ewani 7   ,Cameroon
14,Ewani 9   ,Cameroon
449,Ewankang,Cameroon
125,Ezezang,Cameroon
596,Fiye Nkwi,Cameroon
15,Fundong,Cameroon
130,Gba,Cameroon
615,Goray,Cameroon
471,Goyoum,Cameroon
473,Goyoum,Cameroon
472,Grand Zambi,Cameroon
474,Grand Zambi,Cameroon
485,Grand Zambi,Cameroon
1238,Gréa Twin Peaks,Cameroon
616,Groumoui,Cameroon
680,Hamei,Cameroon
682,Hosséré-Djaba,Cameroon
683,Houlouf,Cameroon
94,Kimisso,Cameroon
488,Koampboer,Cameroon
22,Kokobuma 1 ,Cameroon
569,Koleya,Cameroon
531,Konde,Cameroon
567,Kondengui,Cameroon
162,Kong,Cameroon
529,Kongolo,Cameroon
444,Koukony,Cameroon
445,Koukony,Cameroon
446,Koukony,Cameroon
447,Koukony,Cameroon
452,Koukony,Cameroon
453,Koukony,Cameroon
165,Kpwé-Monekpwé,Cameroon
694,Krenak,Cameroon
695,Krenak-Sao,Cameroon
166,Kribi,Cameroon
167,Kribi Hôtel,Cameroon
1702,Langui-Tchéboua,Cameroon
178,Leboudi,Cameroon
560,Leboudi,Cameroon
551,Lesouaka,Cameroon
599,Lobe,Cameroon
187,Lobethal,Cameroon
189,Lom 1,Cameroon
480,Lom I,Cameroon
482,Lom I,Cameroon
493,Lom I,Cameroon
495,Lom I,Cameroon
498,Lom I,Cameroon
501,Lom I,Cameroon
503,Lom I,Cameroon
505,Lom I,Cameroon
476,Lom II,Cameroon
477,Lom II,Cameroon
25,Lus,Cameroon
526,Mabele,Cameroon
698,Madaf,Cameroon
1135,Mafa,Cameroon
1065,Makalaya,Cameroon
203,Makouré,Cameroon
204,Malapa,Cameroon
206,Malongo 1,Cameroon
26,Mameli 1 ,Cameroon
209,Mampang,Cameroon
622,Manaouatchi-Grea,Cameroon
514,Mararaba,Cameroon
517,Mararaba,Cameroon
601,Mayo Wodeo,Cameroon
433,Mbaibou,Cameroon
466,Mbaki,Cameroon
468,Mbaki,Cameroon
537,Mbarang,Cameroon
48,Mbengue,Cameroon
595,Mbi crater,Cameroon
478,Mbikiliki,Cameroon
486,Mbikiliki,Cameroon
441,Mbinang,Cameroon
442,Mbinang,Cameroon
443,Mbinang,Cameroon
218,Mbirijom,Cameroon
1063,Mbol,Cameroon
434,Mbong,Cameroon
623,Mehe Djiddere,Cameroon
1864,Messok 1,Cameroon
1076,Messok 2,Cameroon
222,Messok 3,Cameroon
27,Meyang,Cameroon
928,Mfomakap,Cameroon
508,Mikan I,Cameroon
224,Mimboman,Cameroon
227,Mindourou 1,Cameroon
1078,Mindourou 2,Cameroon
513,Minkan I,Cameroon
50,Mintyaminyoumin,Cameroon
230,Minyin,Cameroon
702,Mishiskwa,Cameroon
238,Mokounounou 1a,Cameroon
612,Mongossi,Cameroon
240,Mouanko-Epolo,Cameroon
400,Mouanko-Loberthal,Cameroon
621,Moundour,Cameroon
619,Mowo,Cameroon
402,Mpoengu,Cameroon
496,Mvile,Cameroon
497,Mvile,Cameroon
561,Mvog Dzigui,Cameroon
562,Mvomdoumba,Cameroon
28,Nanga Eboko,Cameroon
549,Nangarou,Cameroon
52,Nassarao,Cameroon
249,Ndama,Cameroon
535,Ndamboura,Cameroon
570,Ndamboura,Cameroon
250,Ndangayé Bai,Cameroon
251,Ndindan,Cameroon
594,Nditam Mosquée,Cameroon
30,Ndjore,Cameroon
565,Ndjore,Cameroon
566,Ndjore,Cameroon
1866,Ndokoa,Cameroon
436,Ndoumba Kanga,Cameroon
437,Ndoumba Kanga,Cameroon
459,Ndoumba Kanga,Cameroon
254,Ndtoua,Cameroon
470,Ndtoua,Cameroon
481,Ndtoua,Cameroon
483,Ndtoua,Cameroon
32,Nfeitok 1  ,Cameroon
258,Ngoko island,Cameroon
33,Ngoume PK 35,Cameroon
261,Ngoume Pk 36,Cameroon
43,Ngoume Pk37,Cameroon
262,Ngoumou,Cameroon
523,Ngoumou,Cameroon
524,Ngoumou,Cameroon
525,Ngoumou,Cameroon
264,Nguila,Cameroon
265,Ngweu,Cameroon
34,Nkang,Cameroon
564,Nkoayos,Cameroon
515,Nkoelon,Cameroon
516,Nkolnlong,Cameroon
553,Nkolnlong,Cameroon
268,Nkometou,Cameroon
536,Nkometou,Cameroon
538,Nkometou,Cameroon
554,Nkometou,Cameroon
269,Nkpwala-Esse,Cameroon
270,Nlendédibé 3,Cameroon
563,Nzon,Cameroon
49,Obobogo,Cameroon
527,Obokoue,Cameroon
287,Okolo,Cameroon
288,Oliga,Cameroon
290,Ongot,Cameroon
292,Ossa Big Island,Cameroon
293,Ossa SAFACAM,Cameroon
305,Ozom,Cameroon
42,Pangar,Cameroon
484,Pangar,Cameroon
487,Pangar,Cameroon
489,Pangar,Cameroon
491,Pangar,Cameroon
507,Pangar,Cameroon
509,Pangar,Cameroon
511,Pangar,Cameroon
310,Pong Solo,Cameroon
608,Pouss,Cameroon
1455,S1P01,Cameroon
1456,S1P04,Cameroon
1457,S1P05,Cameroon
1458,S1P07,Cameroon
1459,S1P08,Cameroon
1460,S1P09,Cameroon
1461,S1P12,Cameroon
1462,S2P01,Cameroon
1463,S2P03,Cameroon
1464,S2P04,Cameroon
1465,S2P05,Cameroon
1466,S2P06,Cameroon
1467,S2P08,Cameroon
1468,S2P10,Cameroon
1469,S3P02,Cameroon
1470,S3P03,Cameroon
1471,S3P03,Cameroon
1472,S3P03,Cameroon
1473,S3P03,Cameroon
1474,S3P03,Cameroon
1475,S3P03,Cameroon
1476,S3P08,Cameroon
1477,S3P09,Cameroon
1478,S3P09,Cameroon
1479,S3P11,Cameroon
1480,S4P02,Cameroon
1481,S4P02,Cameroon
1482,S4P04,Cameroon
1483,S4P10,Cameroon
1484,S4P13,Cameroon
1485,S4P14,Cameroon
1486,S4P14,Cameroon
1487,S5P01,Cameroon
1488,S5P04,Cameroon
1489,S5P07,Cameroon
1490,S5P08,Cameroon
1491,S5P09,Cameroon
1492,S5P09,Cameroon
1493,S5P13,Cameroon
1494,S6P03,Cameroon
1495,S6P07,Cameroon
1496,S6P09,Cameroon
1497,S6P09,Cameroon
1498,S6P09,Cameroon
1499,S6P09,Cameroon
1500,S6P12,Cameroon
1501,S6P13,Cameroon
1502,S6P15,Cameroon
1503,S6P16,Cameroon
455,Sakoundji,Cameroon
614,Salak,Cameroon
600,Sangmelima,Cameroon
543,Seka,Cameroon
544,Seka,Cameroon
545,Seka,Cameroon
547,Seka,Cameroon
44,Shum Laka,Cameroon
325,Sokorta Manga,Cameroon
610,Sou,Cameroon
609,Sou Blame Radjil,Cameroon
598,South of Kribi,Cameroon
603,Sumpa,Cameroon
617,Tagamaré,Cameroon
519,Tapare,Cameroon
448,Tara Plage,Cameroon
620,Tchoukol,Cameroon
613,Tsanaga,Cameroon
611,Yagoua,Cameroon
558,Yandea,Cameroon
403,Yaoundé-Obobogo,Cameroon
342,Yatou,Cameroon
463,Yébi,Cameroon
550,Yegue Assi,Cameroon
552,Yegue Assi,Cameroon
438,Yong River,Cameroon
439,Yong River,Cameroon
440,Yong River,Cameroon
534,Zaotoupsi,Cameroon
45,Zili,Cameroon
557,Zoatoupsi,Cameroon
73,Balimbé,CAR
77,Batalimo,CAR
79,Becare 2,CAR
81,Bézongo,CAR
89,Bobélé 2,CAR
100,Bouri,CAR
114,Dokoko 1,CAR
124,Eyo,CAR
131,Gbariri 1 - 77,CAR
1168,Gbatoro,CAR
132,Gobongo I,CAR
885,GTP 1B A1 / 150,CAR
156,Kaolo 2,CAR
21,Ko Bi Doé,CAR
186,Lingbangbo,CAR
217,Mbili 2,CAR
239,Mondongué,CAR
751,Nana-Modé village site,CAR
29,Ndio,CAR
256,Ngara,CAR
1169,Ôbui,CAR
317,Sabele 1,CAR
318,Sabele 2,CAR
321,Sikilongo,CAR
322,Site 68,CAR
328,Tanga 2,CAR
329,Tazunu Balimbe 1,CAR
330,Tazunu Balimbe 2,CAR
331,Tazunu Balimbe 9,CAR
727,Tazunu Beforo I,CAR
333,Tazunu Betume,CAR
332,Tazunu Beyole,CAR
334,Tazunu Tia,CAR
53,Tazunu Zupaya,CAR
336,Té-Ndongué,CAR
349,Toala,CAR
1219,Agadem,Chad
1152,Amkoundjo,Chad
420,Badila ,Chad
1160,Bahali,Chad
1436,Bardague (Bardagué),Chad
410,Beboura ,Chad
424,Bedia,Chad
429,Bedia,Chad
408,Bedia ,Chad
427,Begada,Chad
345,Begon II,Chad
430,Begon II,Chad
344,Begon II (chef du village),Chad
421,Bekia ,Chad
416,Beto,Chad
1159,Bochianga,Chad
1440,Bochianga,Chad
423,Diba I,Chad
407,Diba I ,Chad
422,Dodang ,Chad
1438,Enneri Dirennao,Chad
1165,Goz Kerki,Chad
417,Kaba,Chad
413,Kagopal,Chad
419,Karmankass ,Chad
1162,Kebir Rosa ,Chad
426,Kolle,Chad
409,Kolle ,Chad
414,Komé Base,Chad
428,Komé Base,Chad
1163,Koro Toro ,Chad
1164,Krimé ,Chad
431,Maikery,Chad
415,Mayongo,Chad
412,Mban I ,Chad
701,Mdaga,Chad
1166,Messo,Chad
432,Miandoum,Chad
307,Missi Madji ,Chad
1153,Mound of Messo,Chad
1158,Nemra,Chad
418,Ngon Mbang ,Chad
425,Ouao,Chad
411,Oulibangala,Chad
1161,Toungour Salado,Chad
951,Yayo,Chad
1437,Yebbigue (Yebbigué),Chad
1439,Zaouar,Chad
1260,Dembeni,ComorosIslands
1257,Domoni,ComorosIslands
1259,M'Bachile,ComorosIslands
1258,Old Sima,ComorosIslands
70,Bacongo,Congo
1068,Baï Bomassa,Congo
82,Biala cave,Congo
85,Bime,Congo
88,Bittori Cave,Congo
98,Bomassa,Congo
881,BP113,Congo
107,Condé,Congo
1073,Djaka River,Congo
112,Djambala,Congo
116,Ebaleki River,Congo
126,Fignou 1,Congo
127,Fignou 4,Congo
128,Ganda-Kimpese,Congo
129,Gangalingolo,Congo
134,Gray sand,Congo
1060,Ikelemba 1,Congo
1082,Ikelemba 2,Congo
1083,Ikelemba 3,Congo
1061,Ilamba 1,Congo
1084,Ilamba 2,Congo
138,Imbama,Congo
140,Impe,Congo
141,Ingamfini 1,Congo
142,Ingamfini 2,Congo
143,Ingolo,Congo
144,Inoni,Congo
145,Inoni Falaise,Congo
150,Itebe,Congo
1064,Kabo,Congo
155,Kankouara 1,Congo
157,Kayes,Congo
732,Kibouende,Congo
160,Kitsounga 1,Congo
1072,Komo River,Congo
163,Konga,Congo
171,Lac Ndembo,Congo
173,Lac Tchitembo,Congo
175,Lamba,Congo
176,Landjoué,Congo
180,Lékana,Congo
184,Likwala,Congo
1069,Liouesso,Congo
1074,Lopola,Congo
195,Loubanzi,Congo
196,Loukoko I,Congo
1067,Loundoungou,Congo
199,Madingo-Kayes,Congo
200,Mafamba,Congo
201,Mah 1,Congo
1138,Makuti,Congo
208,Mambili river,Congo
730,Mare du Flec,Congo
212,Masamasa 1,Congo
866,Mayombe,Congo
221,Meningue,Congo
231,Mitula,Congo
237,Mobaka,Congo
1058,Mokobo,Congo
735,Mont Barnier,Congo
733,Moubiri,Congo
243,Moussanda,Congo
244,Mpassa ferme,Congo
246,Munda,Congo
247,Mvindou,Congo
272,Ndati Yomba,Congo
253,Ndoki river,Congo
257,Ngidi,Congo
1066,Ngombé,Congo
259,Ngoulonkila,Congo
260,Ngoulonkila 2,Congo
275,Ntsimou,Congo
276,Nzabi,Congo
731,Obelango,Congo
282,Oka,Congo
286,Okieni,Congo
289,Ongia,Congo
291,Ossa,Congo
1062,Pikounda 1,Congo
1080,Pikounda 2,Congo
59,Pikunda,Congo
309,Pointe Noire,Congo
1070,Pokola 1,Congo
1081,Pokola 2,Congo
1059,Potoli River,Congo
327,Tandou-Youmbi,Congo
335,Tchissanga,Congo
338,Tsabouka,Congo
907,YGO F15   20,Congo
66,Amba,DRC
74,Bamanya,DRC
76,Baringa,DRC
90,Bokele,DRC
91,Bokuma,DRC
96,Bolondo,DRC
97,Boma,DRC
99,Boso-Njafo,DRC
110,Dimba,DRC
133,Gombe,DRC
862,IBSW rockshelter,DRC
137,Ile des Mimosas,DRC
139,Imbonga,DRC
146,Ionda,DRC
147,Isaka,DRC
869,Kamilamba,DRC
152,Kamuna,DRC
158,Kingabwa,DRC
159,Kinsuka,DRC
168,Kwimba,DRC
169,La Funa,DRC
190,Longa,DRC
197,Lovo,DRC
1137,Madi,DRC
207,Maluba,DRC
215,Mbandaka,DRC
263,Ngovo,DRC
266,Nkile,DRC
271,Nsele,DRC
273,Ntadi-Ntadi,DRC
274,Ntende Cave,DRC
320,Sakuzi,DRC
341,Wafanya,DRC
1202,84M31,Egypt
1206,Abu Ballas,Egypt
1208,Abu Gerara,Egypt
1209,Abu Minqar,Egypt
1210,Abu Nuss ,Egypt
1212,Abu Tartur,Egypt
1301,Abydos,Egypt
1302,Adaima,Egypt
1292,Afyeh,Egypt
1218,Afyeh,Egypt
1221,Ain Dalla,Egypt
1303,Amarna,Egypt
1304,Armant,Egypt
1305,Berenike,Egypt
1293,Buhen,Egypt
1298,Dakhleh Oasis sites,Egypt
1306,El Omari,Egypt
1308,El-Hibeh,Egypt
1309,El-Nana,Egypt
1307,Elephantine,Egypt
1310,Epiphanius,Egypt
1299,Farafra Oasis,Egypt
1294,Faras East,Egypt
1311,Gebel Roma/ Wadi el-Hol A,Egypt
1312,Hierokonpolis,Egypt
1313,Karanis,Egypt
1300,Karga Oasis,Egypt
1314,Kellis,Egypt
1315,Kom el-Hisn,Egypt
1316,Lahun,Egypt
697,Maadi,Egypt
1317,Minshat Abu Omar,Egypt
1318,Mons Claudianus,Egypt
1297,Nabta,Egypt
1319,Nagada South,Egypt
710,Qasr Ibrim,Egypt
1320,Quseir al-Qadim,Egypt
1321,Saqqara,Egypt
1322,Senshef,Egypt
713,Sodmein,Egypt
1323,Tell Ibrahim Awad,Egypt
1295,Toshka West,Egypt
1324,Tutankhamun's tomb,Egypt
1296,Wadi Qitna,Egypt
64,Akom,Equat.Guinea
69,Ayene,Equat.Guinea
1325,Mai Chiot,Eritrea
1326,Mai Hutsa,Eritrea
1327,Sembel,Eritrea
1328,Weki Duba,Eritrea
1330,Aksum,Ethiopia
1331,Garu-Shonga,Ethiopia
1332,Gobedra Cave,Ethiopia
1333,Lalibela Cave,Ethiopia
1334,Mota Cave,Ethiopia
1329,Natchabiet,Ethiopia
1335,Ochollo-Mulato,Ethiopia
1336,Ona Nagast,Ethiopia
1337,Tuwatey Zonga Cave,Ethiopia
67,Angondjé,Gabon
68,Anzem 1,Gabon
78,Batanga 1,Gabon
80,Benguie 7,Gabon
95,Bolokoboué,Gabon
106,Charbonnages butte 56,Gabon
111,Ditouba,Gabon
883,Ebel Alembe 1,Gabon
884,Ebel Alembe 2,Gabon
119,Elarmékora 3,Gabon
120,Epona 1,Gabon
121,Epona 2,Gabon
123,Evinayong,Gabon
888,HVL 4,Gabon
135,Iguela 2,Gabon
136,Ikengué 1,Gabon
148,Issemeyo 4,Gabon
149,Issemeyo 7,Gabon
151,Kafélé 2,Gabon
153,Kango 2,Gabon
154,Kango 5,Gabon
161,Komo,Gabon
164,Koualessis,Gabon
170,Lac Bleu de Mouila,Gabon
172,Lac Noir Ndendé,Gabon
174,Lalara 1,Gabon
177,Lébombi,Gabon
179,Lefob 2,Gabon
181,Lélédi 1,Gabon
182,Lélédi 2,Gabon
185,Lindili 1,Gabon
191,Lopé 10,Gabon
192,Lopé 12,Gabon
728,Lopé 15,Gabon
348,Lopé 2,Gabon
193,Lopé 4,Gabon
194,Lope 5,Gabon
198,Maboué 1,Gabon
202,Makana,Gabon
54,Makokou,Gabon
205,Malekou,Gabon
210,Mandilou 2,Gabon
211,Mandilou 3,Gabon
213,Massango,Gabon
214,Mbama 1,Gabon
216,Mbilapé 2,Gabon
55,Mbilapé 4,Gabon
220,Mboma,Gabon
223,Mikouloungou 4,Gabon
225,Mimongo,Gabon
226,"Mina, Léconi",Gabon
228,Mingoué 1,Gabon
229,Mingoué 5,Gabon
232,Moanda 1,Gabon
233,Moanda 2,Gabon
234,Moanda Gare,Gabon
235,"Moanda Pk28,5",Gabon
236,"Moanda Pk29,5",Gabon
56,Mont Brazza,Gabon
241,Mouila 1,Gabon
242,Mouila 2,Gabon
252,Ndjolé Pk.5,Gabon
255,Ndzomossi,Gabon
267,Nkol Ogoum 2,Gabon
279,Ofoubou 16,Gabon
280,Ofoubou 33,Gabon
281,Ofoubou 5,Gabon
283,Okala 1,Gabon
284,Okanda 2,Gabon
900,Okanda 5,Gabon
285,Okanda 6,Gabon
294,Otoumbi 1,Gabon
295,Otoumbi 13,Gabon
901,Otoumbi 2,Gabon
296,Otoumbi 3,Gabon
297,Otoumbi 4,Gabon
298,Otoumbi 5,Gabon
299,Otoumbi 8,Gabon
300,Oumoundo 1,Gabon
301,Oumoundo 2,Gabon
302,Oveng 1,Gabon
303,Owendo,Gabon
304,Oyem 1,Gabon
57,Oyem 2,Gabon
306,Paouan Cave,Gabon
308,Plateau de Mpassa,Gabon
311,Remboué 1,Gabon
312,Remboué 15,Gabon
313,Remboué 2,Gabon
314,Remboué 3,Gabon
58,Rivière Denis 1,Gabon
315,Rivière Denis 2,Gabon
316,Route Cap Estérias,Gabon
319,Sablières,Gabon
323,Site 85/22,Gabon
324,Site 85/26,Gabon
326,Soukoudzap,Gabon
337,Toubé 1,Gabon
339,Viafé 3,Gabon
340,Viafe 5,Gabon
343,Yombi Pk.8,Gabon
1088,Juffure,Gambia
930,Mbolop Tobé,Gambia
826,Wasu,Gambia
1089,A-212,Ghana
1515,Abam ,Ghana
642,Adansemanso,Ghana
760,Ahwene Koko,Ghana
1446,Amuowi I,Ghana
1447,Amuowi II,Ghana
648,Anyinam,Ghana
1516,Asantemanso,Ghana
953,Asokrochona,Ghana
755,Atwetwebooso,Ghana
1090,B-112,Ghana
688,Banda 13,Ghana
892,Banda 27,Ghana
932,Banda 41,Ghana
93,Begho,Ghana
7,Birimi,Ghana
103,Boase,Ghana
756,Bono Manso,Ghana
757,Bonoso,Ghana
754,Bosumpra,Ghana
864,Boyasi Hill,Ghana
1092,Bui Kataa,Ghana
761,Chemu Lagoon,Ghana
954,Daboya,Ghana
758,Dapaa,Ghana
1197,Dawu,Ghana
1517,Esiease,Ghana
1518,Gambaga,Ghana
753,Gao Lagoon,Ghana
1167,Gonja Dimbia,Ghana
664,K1,Ghana
20,K6,Ghana
1429,Kpone West,Ghana
637,Kuulo Kataa,Ghana
759,Ladoku,Ghana
1093,Makala Kataa,Ghana
1427,Mamaan,Ghana
699,Mandara,Ghana
700,Mankuma,Ghana
1428,Monsa (Akim Kotoku),Ghana
863,Mumute,Ghana
1519,New Buipe,Ghana
368,Ngre Kataa,Ghana
706,Ntereso,Ghana
707,Nyanga,Ghana
1445,Pepease,Ghana
1444,Tema,Ghana
1216,Acusa,"GranCanaria,Spain"
762,Niani,Guinea
921,Adiopodoume,IvoryCoast
910,Anyama,IvoryCoast
1709,Assoco-Monobaha,IvoryCoast
914,Balmer,IvoryCoast
912,Bassa,IvoryCoast
913,Bereby,IvoryCoast
909,Bingerville highway ,IvoryCoast
922,Ehoussou,IvoryCoast
1708,Essankro,IvoryCoast
911,Grand Bassam,IvoryCoast
915,Grand Lahou,IvoryCoast
1395,Kong,IvoryCoast
924,Monobaha canal,IvoryCoast
916,N'Gaty,IvoryCoast
1199,Nasalama (Grand Jacques),IvoryCoast
923,Nyamwan,IvoryCoast
1148,Siola 1000,IvoryCoast
1699,Siola 2000,IvoryCoast
1147,Siola 4000,IvoryCoast
919,Songon Dagbe,IvoryCoast
920,Songon Kassemble,IvoryCoast
917,Tchotchoraf,IvoryCoast
1426,Teneguela (Ténéguéla),IvoryCoast
918,Tiebiessou,IvoryCoast
1261,Deloraine,Kenya
676,Esiease,Kenya
1262,Mgombani,Kenya
1263,Panga ya Mwandzumari,Kenya
1264,Panga Ya Saidi,Kenya
380,FhBp2,Liberia
381,FhBp5,Liberia
382,FkBv1 (Sopie),Liberia
386,FoBm11,Liberia
387,FoBm13,Liberia
384,FoBm17,Liberia
385,FoBm9,Liberia
388,FoBn2,Liberia
389,FpBn7,Liberia
383,FpBo1,Liberia
868,Kokasu ,Liberia
1700,Kpotomai,Liberia
1701,Russwurm Island cemetery,Liberia
188,Sopie,Liberia
390,USGS1970a,Liberia
391,USGS1970b,Liberia
1366,Jarma,Libya
1368,Lepcis Magna,Libya
1369,Takarkori,Libya
950,Tin-N-Torha,Libya
1370,Tinda,Libya
949,Uan Muhuggiag,Libya
1371,Zinchecra,Libya
1265,Ambihinamanjakana,Madagascar
1266,Fanongoavana,Madagascar
1267,Lakaton’i Anja ,Madagascar
1268,Lohavohitra,Madagascar
1269,Mahilaka,Madagascar
1220,Agorgott,Mali
646,Akumbu,Mali
1637,Ama Balagina,Mali
393,Ama balaginna,Mali
394,Ama gouéré,Mali
395,Ama yakadiel ,Mali
392,Ambere-Dougon,Mali
1639,Ambere-Dougon,Mali
651,Arouane ,Mali
1094,AZ 22,Mali
359,Balagina,Mali
1642,Campement,Mali
375,Damassogou,Mali
1643,Damassogou,Mali
183,Damatoumou,Mali
1644,Damatoumou sud,Mali
39,Dangandouloun,Mali
353,Dari ,Mali
366,Dia,Mali
1095,Dia-Mara,Mali
672,Dia-Shoma,Mali
1645,Diabeli Peul IV,Mali
354,Diabeli-Peul,Mali
398,Dogo 1,Mali
882,Douna-pey,Mali
1646,Dourou Boro,Mali
37,Dourou-boro,Mali
867,Ebelelit,Mali
1191,El Oualadji,Mali
871,Er Negf,Mali
674,Erg Ine Sakane ,Mali
675,Erg Ine Sakane ,Mali
1187,Erg Ine Sakane Region,Mali
1188,Erg Jemaya,Mali
1096,Essouk,Mali
763,Famanbougou,Mali
1039,Fanfannyégèné I ,Mali
1710,Farabana,Mali
41,Fiko,Mali
1647,Fiko Sud,Mali
940,Foum el Alba,Mali
678,Gadei,Mali
17,Gao Ancien,Mali
351,Gao Saney,Mali
245,Golobountai,Mali
373,Grottes de Sanga,Mali
371,Gumbessugo,Mali
886,Hamdallahi,Mali
681,Hassi-el-Abiod,Mali
887,Hombori,Mali
19,Jenne-Jeno,Mali
872,Jsmagamag,Mali
926,Kakoli,Mali
685,Karkarichinkat Nord,Mali
684,Karkarichinkat Sud,Mali
891,Kawinza,Mali
1194,Kawinza,Mali
1654,Keli Sogou,Mali
369,Kéma,Mali
370,Kéma Koundiouli,Mali
372,Kendjé,Mali
690,Kobadi,Mali
1145,Kobo,Mali
374,Kokolo,Mali
893,Kolima,Mali
1190,Kolima,Mali
691,Kolima-Sud,Mali
693,Korounkorakolé,Mali
894,Koukia,Mali
1149,Koussane,Mali
927,Kowa,Mali
942,Lagreich,Mali
1040,Manianbougou,Mali
35,Mema region,Mali
896,Modjodje,Mali
897,Moussam,Mali
703,Mouyssam II,Mali
764,Ngomi,Mali
358,Nienebo,Mali
376,Nin-Bère 1,Mali
365,Nin-Bèrè 3,Mali
724,Nokara,Mali
1666,Orosobo,Mali
248,Orosogou,Mali
1667,Oumounaama Atelier,Mali
1668,Oumounaama Ouest,Mali
36,Ounjougou site complex,Mali
277,Pegue Grotte A,Mali
40,Promontoire d’Ounjougou,Mali
1671,Ravin de la Mouche,Mali
1672,Ravin de la vipere,Mali
1673,Ravin du Balanites,Mali
1674,Ravin du Hibou,Mali
1675,Ravin du Pont,Mali
1676,Ravin du Rônier CP3,Mali
1677,Ravin du Vitex,Mali
1678,Ravin Sud CP 1,Mali
1679,Rive droite coupe 9,Mali
1680,Rive gauche coupe 13,Mali
1681,Rive gauche coupe 6,Mali
1682,Rive gauche coupe 9,Mali
1683,Rive gauche coupes 1 and 4,Mali
352,Sadia,Mali
357,Sadia-Dogon,Mali
355,Sadia-Peul,Mali
278,Sagourou,Mali
903,Samyere,Mali
396,Simi 1 (S1),Mali
397,Simi 2 (S2),Mali
1686,Site AA,Mali
38,Songona,Mali
1097,Sorotomo,Mali
356,Sougou Téré,Mali
1146,Tadmekka,Mali
1688,Termitiere,Mali
715,Tiabel Goudiodé,Mali
665,Tiboubija,Mali
904,Tiebala,Mali
905,Timbuktu,Mali
666,Tin Alhar,Mali
1041,Tin Guettaï,Mali
1193,Tissalaten,Mali
925,To,Mali
716,Toguéré Doupwil,Mali
717,Toguéré Galia,Mali
1504,Tombouze 1,Mali
1189,Tondidarou,Mali
718,Tongo Maaré Diabel,Mali
1192,Toyla,Mali
363,Tyi-Jo,Mali
1691,Varves,Mali
1692,Varves Ouest,Mali
360,Wana,Mali
720,West Tessalit,Mali
669,Winde Koroji Complex,Mali
721,Windé Koroji Ouest,Mali
722,Windé Koroji Sud-Ouest,Mali
364,Yawa dunes P66,Mali
465,Yawa-vaches,Mali
719,Zampia Nord,Mali
8,Zampia Tumulus Field,Mali
1217,Aftout Targue,Mauritania
1713,Aftout Targue nord,Mauritania
1227,Akjoujt,Mauritania
1228,Akjoujt grotte,Mauritania
1229,Akreidil,Mauritania
1123,Amourj Ouest,Mauritania
1125,Amzingui I,Mauritania
1126,Amzingui II,Mauritania
1127,Amzingui III,Mauritania
1185,Assabat el Maddahia,Mauritania
1186,Azugi,Mauritania
770,Baie de l'Etoile,Mauritania
769,Baie du Levrier,Mauritania
775,Baie Saint-Jean,Mauritania
1854,Bledd Initi,Mauritania
1115,Bou Bteiah I,Mauritania
1116,Bou Bteiah II,Mauritania
1117,Bou Bteiah III,Mauritania
658,Boû Khuâmâ II,Mauritania
1107,Bou Khzama ,Mauritania
1105,Bou Khzama I,Mauritania
1106,Bou Khzama III,Mauritania
772,Cap Tafarit,Mauritania
776,Cap Timiris,Mauritania
773,Chami,Mauritania
219,Dhar Nema,Mauritania
663,Dhar Tichitt,Mauritania
542,Dhar Walata,Mauritania
1184,Dhraina,Mauritania
1124,Diadé,Mauritania
873,Djiganyai,Mauritania
1367,Ejijelé I,Mauritania
1108,Ejijelé II,Mauritania
939,El Beyyed,Mauritania
1128,El Borbou,Mauritania
1042,Elb Lehnoucha,Mauritania
1043,Gedida,Mauritania
1855,Goungou,Mauritania
1856,Goungou A,Mauritania
1857,Goungou B,Mauritania
780,Grotte aux Chauves-souris,Mauritania
774,Iouik,Mauritania
1443,Kerekchat at Teintane,Mauritania
1044,Khatt Lemaiteg,Mauritania
23,Koumbi Saleh,Mauritania
1858,Le Baidha I,Mauritania
779,Lemdena,Mauritania
1859,Naghez,Mauritania
1045,Ngadi,Mauritania
1046,Nouadouar,Mauritania
870,Nouakchott,Mauritania
778,Ouadane,Mauritania
1120,Oued Amourj I,Mauritania
1121,Oued Amourj II,Mauritania
1122,Oued Amourj III,Mauritania
659,Oued Chebi,Mauritania
777,Richat,Mauritania
1109,Saïlé I,Mauritania
1110,Saïlé IIa,Mauritania
1111,Saïlé IIb,Mauritania
1112,Saïlé III,Mauritania
1113,Saïlé IV,Mauritania
1114,Saïlé V,Mauritania
1860,Seyyid Ouinquil,Mauritania
1396,Silla,Mauritania
1861,Taidart II,Mauritania
714,Tegdaoust,Mauritania
1047,Teneswillim sud,Mauritania
1442,Tenioubrar,Mauritania
1862,Tichitt V149,Mauritania
771,Tintan,Mauritania
1118,Zweïma,Mauritania
1372,al-Basra,Morocco
1373,Ifri Ouadadane,Morocco
1374,Îgîlîz,Morocco
1375,Kaf That el-Ghar,Morocco
1379,Xakota (Nampula),Mozambique
957,"AB10, Diatom. 1",Niger
1213,Achegour 25km SW,Niger
1214,Achelouma E,Niger
1215,Achelouma NW,Niger
955,Aderantarat,Niger
643,Adrar Bous,Niger
944,Adrar N Kiffi,Niger
959,Afnuk,Niger
960,Afunfun,Niger
961,Agades,Niger
796,Aghroum Balkorène,Niger
1230,Aktaouzou ,Niger
795,Anisaman,Niger
782,Areschima,Niger
781,Arlit,Niger
962,Asaqaru,Niger
963,Assode,Niger
964,Awalawalt,Niger
791,Azelik,Niger
965,Azrou,Niger
966,Bani Bangou,Niger
1392,Banizoumbou,Niger
1423,BFD08F1-3,Niger
1417,BFD08F4,Niger
1412,BFD08F5-1,Niger
967,Bilma,Niger
1711,Bilma ,Niger
968,Birnin Garafa,Niger
1407,BKW08F1-7,Niger
1422,BNG08F1-1,Niger
1405,BNZ08F2-1,Niger
1406,BNZ08F3-1,Niger
969,Bura,Niger
660,Chin Tafidet,Niger
970,Chin Wasadan,Niger
971,Chin Wasararan,Niger
788,Do Dimmi ,Niger
972,Dogonboulo,Niger
973,Efey Waschran,Niger
1024,Egaro,Niger
974,Ekne wan Ataram,Niger
975,Ekouloulef,Niger
976,Emi Lulu,Niger
977,Fachi,Niger
793,Fagochia,Niger
978,Gabu,Niger
1020,Gara Tchia Bo,Niger
1401,Garbel Zeeno,Niger
1413,GB08F1-7,Niger
1421,GB08F11-2,Niger
1409,GB08F14-2,Niger
1418,GB08F15-4,Niger
1419,GB08F16-2,Niger
1415,GB08F2-5,Niger
1410,GB08F5,Niger
1414,GB08F6,Niger
1411,GB08F9-5,Niger
1408,GBi09F1-2,Niger
1391,Goberi,Niger
1048,Gobero,Niger
979,Gorou Banda,Niger
1022,Gossololom,Niger
792,Guélélé,Niger
801,Hidden Valley (Adrar Bous),Niger
980,Ibine,Niger
1157,Ifanghalene,Niger
981,Ikarafane,Niger
982,Ikawaten,Niger
1390,Ile Boubon,Niger
983,In Aridal,Niger
984,In Tachoulen,Niger
1049,In Tamat,Niger
985,In Teduq,Niger
986,In Tekebrin,Niger
987,In Tuduf,Niger
798,In Waggeur,Niger
988,Iwelen,Niger
989,Izouzadene,Niger
797,Janjari,Niger
990,Jola,Niger
991,Karagu Gamdwa,Niger
992,Kareygoru,Niger
993,Kareygusu,Niger
994,Kase Gorou,Niger
995,Kirkissoy,Niger
1399,Kirkissoy,Niger
1398,Kirkissoy-Soumana,Niger
996,Kolo,Niger
997,Kufan Kanawa,Niger
1416,LG09F1-4,Niger
1420,LG09F2,Niger
998,Likaderi,Niger
1389,Louguel,Niger
1402,Louguel Zeeno,Niger
999,Madaouéla,Niger
1000,Mammanet,Niger
46,Marandet,Niger
1001,Mekrou,Niger
1002,Mentes,Niger
1053,Merguigara,Niger
1003,Mio,Niger
1865,N1 to N3,Niger
1004,Orofan,Niger
785,Oroub,Niger
1029,Ouaffadene,Niger
1424,PLRD09F1-1,Niger
1005,Rocher Toubeau,Niger
800,Rozi,Niger
1006,Sado,Niger
1388,Saga Gorou,Niger
1007,Saguia,Niger
1052,Seguedine,Niger
786,Sekkiret,Niger
1404,SG08F1-1,Niger
1403,SG08F3-3,Niger
1008,Shimumenin,Niger
1009,Soumatt,Niger
1010,Tadeliza,Niger
1011,Taferjit,Niger
1012,Tagalagal,Niger
1013,Takene Bawat,Niger
789,Talaylen,Niger
941,Tamaya Mellet,Niger
1014,Tapague,Niger
1015,Tarada,Niger
1016,Tasagouacheret,Niger
1017,Tassos,Niger
1021,Tchi Guiribe,Niger
1023,Tchire Ouma,Niger
790,Teguef n'Agar,Niger
1018,Temet,Niger
1019,Termit,Niger
787,Termit Ouest,Niger
794,Tézamak,Niger
783,Tibarakatine,Niger
784,Tiguermaouine,Niger
1025,Tiguezefen,Niger
1027,Tin Farad,Niger
1028,Tin Keradet,Niger
1400,Tondi Gamey,Niger
1425,Tondi Gamey paleo-lake,Niger
799,Tondikware,Niger
1030,Toummo,Niger
1031,Tuizegoru,Niger
1032,Tuluk,Niger
1033,Tyeral,Niger
956,Valley of the Cow,Niger
943,Wadi Greboun,Niger
1034,Wedi Bangou,Niger
1036,Yasaan,Niger
1035,Yatakala,Niger
879,Abuja,Nigeria
1435,Aiyelabowo,Nigeria
645,Ajere,Nigeria
1634,Akama 1,Nigeria
1635,Akama 2,Nigeria
1133,Aku,Nigeria
404,Akura,Nigeria
1636,Akwaya Daji,Nigeria
1638,Amban,Nigeria
852,Ampara,Nigeria
845,Ankiring,Nigeria
479,Ankoro,Nigeria
1640,Anzah Gida,Nigeria
850,Apa 1,Nigeria
736,Baha Mound,Nigeria
512,Baidesuru Furnace,Nigeria
849,Benin,Nigeria
6,Benin City,Nigeria
62,Bidelli,Nigeria
655,Birnin Gazargamo,Nigeria
1452,Birnin Leka,Nigeria
1085,Borno 119,Nigeria
586,Bukarkurari,Nigeria
1641,Bwari,Nigeria
521,Choribariki,Nigeria
661,Daima,Nigeria
530,Daji Gwana,Nigeria
540,Daji Gwana Furnace,Nigeria
555,Dakko 1,Nigeria
809,Dalla Hill,Nigeria
559,Damaisa 2,Nigeria
649,Damba,Nigeria
853,Delimiri,Nigeria
650,Dogon Daji 1,Nigeria
652,Doguwa 1,Nigeria
590,Dorota,Nigeria
673,Dufuna,Nigeria
581,Dumge A,Nigeria
802,Dutsen Kongba,Nigeria
653,Dutsen Rema,Nigeria
589,Elkido North,Nigeria
804,Ezi-Ukwu Ukpa I,Nigeria
1201,Gagava Nawayanda Amthe,Nigeria
16,Gajiganna,Nigeria
571,Gajiganna A,Nigeria
572,Gajiganna BI,Nigeria
573,Gajiganna BII,Nigeria
574,Gajiganna C,Nigeria
575,Gajiganna D,Nigeria
587,Galaga,Nigeria
624,Ghwa Kiva,Nigeria
625,Ghwa Masogo,Nigeria
654,Gidan Danazumi,Nigeria
1648,Gidan Hardo,Nigeria
1649,Gidan Maidugu,Nigeria
576,Gilgila,Nigeria
1246,Gimba,Nigeria
1247,Gona Kishemi,Nigeria
855,Ibila Alukpo,Nigeria
1650,Iddah 1,Nigeria
1651,Iddah 2,Nigeria
875,Iddah 3,Nigeria
1248,Ido,Nigeria
1432,Idu iyas,Nigeria
1249,Ifana,Nigeria
851,Iffe-Ijumu,Nigeria
856,Igbo-Ukwu,Nigeria
18,Ile-Ife,Nigeria
1250,Intini,Nigeria
857,Inyi,Nigeria
807,Ise Dura,Nigeria
858,Ishiagu,Nigeria
812,Ita Yemoo,Nigeria
865,Itaakpa,Nigeria
803,Iwo Eleru,Nigeria
405,Janjala A,Nigeria
709,Janjala Furnace,Nigeria
406,Janruwa A,Nigeria
725,Janruwa B,Nigeria
726,Janruwa C,Nigeria
729,Janruwa E,Nigeria
843,Jemaa,Nigeria
734,Joh Mari,Nigeria
876,Jos,Nigeria
740,Kachama 1,Nigeria
745,Kachama 2,Nigeria
877,Kaduna,Nigeria
741,Kagalan,Nigeria
842,Kagara,Nigeria
752,Kaguni 1,Nigeria
880,Kaguni 2,Nigeria
890,Kangale,Nigeria
1652,Kanzir,Nigeria
584,Kariari C,Nigeria
739,Kariya Wuro,Nigeria
895,Kasangwai 2,Nigeria
1653,Kasangwe,Nigeria
814,Katsina Ala,Nigeria
840,Kawu,Nigeria
1449,Ke,Nigeria
585,Kelumeri,Nigeria
1397,Keroua,Nigeria
742,Kirfin Sama Hill,Nigeria
1655,Kochio,Nigeria
1656,Kofoto 2,Nigeria
1657,Kofoto 3,Nigeria
898,Kolin Kuchimi Furnace,Nigeria
692,Konduga,Nigeria
811,Kongon Makeri,Nigeria
808,Kubanni river,Nigeria
844,Kuchamfa,Nigeria
899,Kudu 3,Nigeria
958,Kufai Gwari 2,Nigeria
1026,Kufai Kuku 2,Nigeria
1658,Kujeri,Nigeria
1659,Kukum Daji,Nigeria
1660,Kurmin Dangana,Nigeria
1661,Kurmin Lemu,Nigeria
1038,Kurmin Uwa 1,Nigeria
1079,Kurmin Uwa 2,Nigeria
24,Kursakata,Nigeria
1077,Kushe 3,Nigeria
1075,Kushe 7,Nigeria
1086,Kusuma,Nigeria
1662,Kutofo,Nigeria
582,Labe,Nigeria
588,Labe Kanuri,Nigeria
1663,Labi,Nigeria
1131,Lejja,Nigeria
1664,Maiduna,Nigeria
839,Maitumbi,Nigeria
744,Maleh,Nigeria
1091,Mashikin Dandoka,Nigeria
1154,Mashikin Kadun,Nigeria
591,Mege,Nigeria
746,NA 90-C,Nigeria
577,NA 91/A,Nigeria
578,NA 93/10,Nigeria
579,NA 93/36,Nigeria
580,NA 93/42,Nigeria
705,Ndufu,Nigeria
592,Ngala,Nigeria
1241,Ngoye Kirawa,Nigeria
1665,Nok,Nigeria
859,Nrobu Ehandiagu,Nigeria
805,Nsukka University Farm,Nigeria
1132,Obukpa,Nigeria
1433,Ogbo stream iya,Nigeria
1450,Ogoloma,Nigeria
861,Ogwugwu Agu,Nigeria
1434,Ohovbe Iya n'Uwu,Nigeria
1454,Okedokpa,Nigeria
1431,Okochiri,Nigeria
1134,Okpe Igala,Nigeria
1451,Old Bussa,Nigeria
813,Old Oyo,Nigeria
817,Old Oyo,Nigeria
1200,Old Oyo,Nigeria
1448,Onyoma,Nigeria
750,Opi,Nigeria
1130,Orba,Nigeria
860,Otoogwe,Nigeria
1119,Owerre Elu,Nigeria
1155,Pabeki,Nigeria
1156,Pandauke,Nigeria
1170,Pangwari,Nigeria
1171,Pantaki 1,Nigeria
1172,Pantaki 3,Nigeria
1669,Polwaya,Nigeria
1173,Pulu,Nigeria
1174,Puntun Dutse,Nigeria
1175,Rafi  Abutu,Nigeria
1198,Rafi  Adada,Nigeria
1251,Rafi  Dako,Nigeria
1252,Rafi  Pah 1,Nigeria
1254,Rafi  Pah 2,Nigeria
749,Rafin Ndoko,Nigeria
1670,Ramindop,Nigeria
711,Rop,Nigeria
1505,Ruga Fulani Furnace,Nigeria
1506,Sabon Janruwa,Nigeria
1430,Saikiripogu (Brass Island),Nigeria
810,Samaru West Site I,Nigeria
1684,Samban,Nigeria
929,Samun Dukiya,Nigeria
816,Sekunde,Nigeria
854,Shaushaus,Nigeria
1685,Shere Koro,Nigeria
1453,Shoro (Akpaa),Nigeria
1245,Sukur,Nigeria
846,Tada,Nigeria
1507,Taka Lafi,Nigeria
1687,Tare,Nigeria
748,Taruga,Nigeria
61,Tiwa,Nigeria
1689,Tsauni,Nigeria
1509,Tsaunim Bakka 1,Nigeria
1510,Tsaunim Gurara 1,Nigeria
1511,Tsaunim Maganda,Nigeria
743,Tudun Dangawo,Nigeria
1512,Tudun Dosa,Nigeria
1513,Tudun Kaura,Nigeria
841,Tudun Wada,Nigeria
1690,Udegi,Nigeria
847,Udo,Nigeria
806,Ugwuagu,Nigeria
738,Ulaira,Nigeria
815,Umundu,Nigeria
1520,Un-named Nok site,Nigeria
1521,Un-named Nok site,Nigeria
1522,Un-named Nok site,Nigeria
1523,Un-named Nok site,Nigeria
1524,Un-named Nok site,Nigeria
1525,Un-named Nok site,Nigeria
1526,Un-named Nok site,Nigeria
1527,Un-named Nok site,Nigeria
1528,Un-named Nok site,Nigeria
1529,Un-named Nok site,Nigeria
1530,Un-named Nok site,Nigeria
1531,Un-named Nok site,Nigeria
1532,Un-named Nok site,Nigeria
1533,Un-named Nok site,Nigeria
1534,Un-named Nok site,Nigeria
1535,Un-named Nok site,Nigeria
1536,Un-named Nok site,Nigeria
1537,Un-named Nok site,Nigeria
1538,Un-named Nok site,Nigeria
1539,Un-named Nok site,Nigeria
1540,Un-named Nok site,Nigeria
1541,Un-named Nok site,Nigeria
1542,Un-named Nok site,Nigeria
1543,Un-named Nok site,Nigeria
1544,Un-named Nok site,Nigeria
1545,Un-named Nok site,Nigeria
1546,Un-named Nok site,Nigeria
1547,Un-named Nok site,Nigeria
1548,Un-named Nok site,Nigeria
1549,Un-named Nok site,Nigeria
1550,Un-named Nok site,Nigeria
1551,Un-named Nok site,Nigeria
1552,Un-named Nok site,Nigeria
1553,Un-named Nok site,Nigeria
1554,Un-named Nok site,Nigeria
1555,Un-named Nok site,Nigeria
1556,Un-named Nok site,Nigeria
1557,Un-named Nok site,Nigeria
1558,Un-named Nok site,Nigeria
1559,Un-named Nok site,Nigeria
1560,Un-named Nok site,Nigeria
1561,Un-named Nok site,Nigeria
1562,Un-named Nok site,Nigeria
1563,Un-named Nok site,Nigeria
1564,Un-named Nok site,Nigeria
1565,Un-named Nok site,Nigeria
1566,Un-named Nok site,Nigeria
1567,Un-named Nok site,Nigeria
1568,Un-named Nok site,Nigeria
1569,Un-named Nok site,Nigeria
1570,Un-named Nok site,Nigeria
1571,Un-named Nok site,Nigeria
1572,Un-named Nok site,Nigeria
1573,Un-named Nok site,Nigeria
1574,Un-named Nok site,Nigeria
1575,Un-named Nok site,Nigeria
1576,Un-named Nok site,Nigeria
1577,Un-named Nok site,Nigeria
1578,Un-named Nok site,Nigeria
1579,Un-named Nok site,Nigeria
1580,Un-named Nok site,Nigeria
1581,Un-named Nok site,Nigeria
1582,Un-named Nok site,Nigeria
1583,Un-named Nok site,Nigeria
1584,Un-named Nok site,Nigeria
1585,Un-named Nok site,Nigeria
1586,Un-named Nok site,Nigeria
1587,Un-named Nok site,Nigeria
1588,Un-named Nok site,Nigeria
1589,Un-named Nok site,Nigeria
1590,Un-named Nok site,Nigeria
1591,Un-named Nok site,Nigeria
1592,Un-named Nok site,Nigeria
1593,Un-named Nok site,Nigeria
1594,Un-named Nok site,Nigeria
1595,Un-named Nok site,Nigeria
1596,Un-named Nok site,Nigeria
1597,Un-named Nok site,Nigeria
1598,Un-named Nok site,Nigeria
1599,Un-named Nok site,Nigeria
1600,Un-named Nok site,Nigeria
1601,Un-named Nok site,Nigeria
1602,Un-named Nok site,Nigeria
1603,Un-named Nok site,Nigeria
1604,Un-named Nok site,Nigeria
1605,Un-named Nok site,Nigeria
1606,Un-named Nok site,Nigeria
1607,Un-named Nok site,Nigeria
1608,Un-named Nok site,Nigeria
1609,Un-named Nok site,Nigeria
1610,Un-named Nok site,Nigeria
1611,Un-named Nok site,Nigeria
1612,Un-named Nok site,Nigeria
1613,Un-named Nok site,Nigeria
1614,Un-named Nok site,Nigeria
1615,Un-named Nok site,Nigeria
1616,Un-named Nok site,Nigeria
1617,Un-named Nok site,Nigeria
1618,Un-named Nok site,Nigeria
1619,Un-named Nok site,Nigeria
1620,Un-named Nok site,Nigeria
1621,Un-named Nok site,Nigeria
1622,Un-named Nok site,Nigeria
1623,Un-named Nok site,Nigeria
1624,Un-named Nok site,Nigeria
1625,Un-named Nok site,Nigeria
1626,Un-named Nok site,Nigeria
1627,Un-named Nok site,Nigeria
1628,Un-named Nok site,Nigeria
1629,Un-named Nok site,Nigeria
1630,Un-named Nok site,Nigeria
1631,Un-named Nok site,Nigeria
1632,Un-named Nok site,Nigeria
1633,Un-named Nok site,Nigeria
878,Ungwar Kura,Nigeria
1514,Utak Kamuan Garaje Kagoro,Nigeria
1693,Wamba,Nigeria
848,Wunmonije compound,Nigeria
723,Yau,Nigeria
737,Yelwa UI 676,Nigeria
583,Zilum,Nigeria
1100,Zubo,Nigeria
1394,Gasiza,Rwanda
1393,Kabacusi,Rwanda
1270,Kabusanze,Rwanda
1271,Kabuye II,Rwanda
1272,Kabuye III,Rwanda
1273,Kabuye IV,Rwanda
1274,Karama,Rwanda
1275,Musanze 2,Rwanda
1276,Musanze 3,Rwanda
1277,Nguri Cave,Rwanda
361,Alinguel,Senegal
1098,Arondo,Senegal
831,Bangalère,Senegal
819,Cap Manuel,Senegal
874,Cubalel ,Senegal
830,Dioron Boumak,Senegal
,Diouboye,Senegal
1151,Dioude Djaabe ,Senegal
823,Diouloulou,Senegal
1703,Djoutoubaya,Senegal
677,Faboura,Senegal
1712,Fetesilla,Senegal
828,Gandiol,Senegal
834,Gueye Guelakh,Senegal
889,Jallowali ,Senegal
829,Joal,Senegal
31,Kandiama,Senegal
821,Khant ,Senegal
820,Khant de Saint-Louis,Senegal
825,Kodiam,Senegal
1863,Kouroukounla,Senegal
832,Lac Retba,Senegal
1714,Louguéré,Senegal
1715,Madina Bat,Senegal
1716,Madina Tarakolé,Senegal
1717,Maran Kounda,Senegal
835,Mbor Tumulus,Senegal
836,Mboro,Senegal
1718,Mérimériko,Senegal
1705,Missira III,Senegal
1706,Missira IV,Senegal
833,Ndalane,Senegal
704,Ndiamon-Badat,Senegal
1719,Noumoutabanco,Senegal
708,Ogo,Senegal
818,Pointe du Fann,Senegal
1050,Poudioum,Senegal
1707,Ravin blanc,Senegal
931,Saouré Diouldé (Saré-Diouldé),Senegal
1195,Saré Tioffi,Senegal
1720,Sekondi ,Senegal
822,Siendou,Senegal
1150,Sincaan,Senegal
367,Sincu Bara,Senegal
827,Sine-Ngayène,Senegal
1183,Sintiou Bara,Senegal
712,Siouré,Senegal
1721,Tatóto,Senegal
908,Thiasdhé ouest ,Senegal
824,Tiékène-Boussoura,Senegal
1196,Tioubalel,Senegal
1704,Toumbounto,Senegal
906,Tulel Fobo ,Senegal
1722,un-named Faleme valley site,Senegal
1723,un-named Faleme valley site,Senegal
1724,un-named Faleme valley site,Senegal
1725,un-named Faleme valley site,Senegal
1726,un-named Faleme valley site,Senegal
1727,un-named Faleme valley site,Senegal
1728,un-named Faleme valley site,Senegal
1729,un-named Faleme valley site,Senegal
1730,un-named Faleme valley site,Senegal
1731,un-named Faleme valley site,Senegal
1732,un-named Faleme valley site,Senegal
1733,un-named Faleme valley site,Senegal
1734,un-named Faleme valley site,Senegal
1735,un-named Faleme valley site,Senegal
1736,un-named Faleme valley site,Senegal
1737,un-named Faleme valley site,Senegal
1738,un-named Faleme valley site,Senegal
1739,un-named Faleme valley site,Senegal
1740,un-named Faleme valley site,Senegal
1741,un-named Faleme valley site,Senegal
1742,un-named Faleme valley site,Senegal
1743,un-named Faleme valley site,Senegal
1744,un-named Faleme valley site,Senegal
1745,un-named Faleme valley site,Senegal
1746,un-named Faleme valley site,Senegal
1747,un-named Faleme valley site,Senegal
1748,un-named Faleme valley site,Senegal
1749,un-named Faleme valley site,Senegal
1750,un-named Faleme valley site,Senegal
1751,un-named Faleme valley site,Senegal
1752,un-named Faleme valley site,Senegal
1753,un-named Faleme valley site,Senegal
1754,un-named Faleme valley site,Senegal
1755,un-named Faleme valley site,Senegal
1756,un-named Faleme valley site,Senegal
1757,un-named Faleme valley site,Senegal
1758,un-named Faleme valley site,Senegal
1759,un-named Faleme valley site,Senegal
1760,un-named Faleme valley site,Senegal
1761,un-named Faleme valley site,Senegal
1762,un-named Faleme valley site,Senegal
1763,un-named Faleme valley site,Senegal
1764,un-named Faleme valley site,Senegal
1765,un-named Faleme valley site,Senegal
1766,un-named Faleme valley site,Senegal
1767,un-named Faleme valley site,Senegal
1768,un-named Faleme valley site,Senegal
1769,un-named Faleme valley site,Senegal
1770,un-named Faleme valley site,Senegal
1771,un-named Faleme valley site,Senegal
1772,un-named Faleme valley site,Senegal
1773,un-named Faleme valley site,Senegal
1774,un-named Faleme valley site,Senegal
1775,un-named Faleme valley site,Senegal
1776,un-named Faleme valley site,Senegal
1777,un-named Faleme valley site,Senegal
1778,un-named Faleme valley site,Senegal
1779,un-named Faleme valley site,Senegal
1780,un-named Faleme valley site,Senegal
1781,un-named Faleme valley site,Senegal
1782,un-named Faleme valley site,Senegal
1783,un-named Faleme valley site,Senegal
1784,un-named Faleme valley site,Senegal
1785,un-named Faleme valley site,Senegal
1786,un-named Faleme valley site,Senegal
1787,un-named Faleme valley site,Senegal
1788,un-named Faleme valley site,Senegal
1789,un-named Faleme valley site,Senegal
1790,un-named Faleme valley site,Senegal
1791,un-named Faleme valley site,Senegal
1792,un-named Faleme valley site,Senegal
1793,un-named Faleme valley site,Senegal
1794,un-named Faleme valley site,Senegal
1795,un-named Faleme valley site,Senegal
1796,un-named Faleme valley site,Senegal
1797,un-named Faleme valley site,Senegal
1798,un-named Faleme valley site,Senegal
1799,un-named Faleme valley site,Senegal
1800,un-named Faleme valley site,Senegal
1801,un-named Faleme valley site,Senegal
1802,un-named Faleme valley site,Senegal
1803,un-named Faleme valley site,Senegal
1804,un-named Faleme valley site,Senegal
1805,un-named Faleme valley site,Senegal
1806,un-named Faleme valley site,Senegal
1807,un-named Faleme valley site,Senegal
1808,un-named Faleme valley site,Senegal
1809,un-named Faleme valley site,Senegal
1810,un-named Faleme valley site,Senegal
1811,un-named Faleme valley site,Senegal
1812,un-named Faleme valley site,Senegal
1813,un-named Faleme valley site,Senegal
1814,un-named Faleme valley site,Senegal
1815,un-named Faleme valley site,Senegal
1816,un-named Faleme valley site,Senegal
1817,un-named Faleme valley site,Senegal
1818,un-named Faleme valley site,Senegal
1819,un-named Faleme valley site,Senegal
1820,un-named Faleme valley site,Senegal
1821,un-named Faleme valley site,Senegal
1822,un-named Faleme valley site,Senegal
1823,un-named Faleme valley site,Senegal
1824,un-named Faleme valley site,Senegal
1825,un-named Faleme valley site,Senegal
1826,un-named Faleme valley site,Senegal
1827,un-named Faleme valley site,Senegal
1828,un-named Faleme valley site,Senegal
1829,un-named Faleme valley site,Senegal
1830,un-named Faleme valley site,Senegal
1831,un-named Faleme valley site,Senegal
1832,un-named Faleme valley site,Senegal
1833,un-named Faleme valley site,Senegal
1834,un-named Faleme valley site,Senegal
1835,un-named Faleme valley site,Senegal
1836,un-named Faleme valley site,Senegal
1837,un-named Faleme valley site,Senegal
1838,un-named Faleme valley site,Senegal
1839,un-named Faleme valley site,Senegal
1840,un-named Faleme valley site,Senegal
1841,un-named Faleme valley site,Senegal
1842,un-named Faleme valley site,Senegal
1843,un-named Faleme valley site,Senegal
1844,un-named Faleme valley site,Senegal
1845,un-named Faleme valley site,Senegal
1846,un-named Faleme valley site,Senegal
1847,un-named Faleme valley site,Senegal
1848,un-named Faleme valley site,Senegal
1849,un-named Faleme valley site,Senegal
1850,un-named Faleme valley site,Senegal
1851,un-named Faleme valley site,Senegal
1852,un-named Faleme valley site,Senegal
1853,un-named Faleme valley site,Senegal
350,Walaldé ,Senegal
1694,Wanar,Senegal
378,Kamabai,SierraLeone
377,Yagala Old Town,SierraLeone
379,Yengema,SierraLeone
670,Asa Koma,Somalia
1380,Magogo,SouthAfrica
1381,Ndondonwane,SouthAfrica
1384,Schroda,SouthAfrica
1382,Shongweni,SouthAfrica
1383,Silver Leaves,SouthAfrica
1203,Abka,Sudan
1207,Abu Darbein,Sudan
1338,Abu Geili,Sudan
1211,Abu Tabari,Sudan
1231,Al Khiday 1,Sudan
1232,Al Khiday 2/2B,Sudan
1233,Al Mahalab,Sudan
1339,Dangeil,Sudan
1340,El Hamra,Sudan
1341,El Kadada,Sudan
1342,El Zakiab,Sudan
1343,Hamadab,Sudan
1344,Jebel Qeili,Sudan
1345,Jebel Tomat,Sudan
1346,Kadero,Sudan
1347,Kasala,Sudan
1348,Kawa,Sudan
686,Kerma,Sudan
1349,Mahal Teglin,Sudan
1350,Meroe,Sudan
1351,Nauri,Sudan
1352,NDRS: P1,Sudan
1353,NDRS: P37,Sudan
1354,Rabak,Sudan
1355,Sai,Sudan
1356,Semna,Sudan
1357,Shaheinab,Sudan
1358,Shaqadud cave,Sudan
1359,Sheik el-Amin,Sudan
1360,Sheik Mustafa,Sudan
1361,Soba,Sudan
1362,Ukma,Sudan
1363,Um Direiwa,Sudan
1364,Umm Muri,Sudan
1281,Chwaka,Tanzania
1280,Engaruka,Tanzania
1284,Fukuchani,Tanzania
1278,Juani Primary School,Tanzania
1282,Kaliwa,Tanzania
1289,Kilwa,Tanzania
1283,Kimimba,Tanzania
1290,Mikindani sites,Tanzania
1285,Pango la Kijiji ,Tanzania
1291,Songo Mnara,Tanzania
1286,Tumbe,Tanzania
1287,Tumbe Marzui,Tanzania
1279,Ukunju Cave,Tanzania
1288,Unguka Ukuu,Tanzania
1051,Abri Vialettes,Togo
1234,Bangeli (Bandjeli),Togo
1141,BAS-273,Togo
952,Bassar,Togo
1237,Bassar-Kabu,Togo
1235,Bitchabe,Togo
1140,Dekpassanware,Togo
1236,Kabu,Togo
1142,M'Pampu 1,Togo
1508,Tatré 4,Togo
1139,Tchogma,Togo
1226,Akhful,WesternSahara
765,Amtal,WesternSahara
768,Edjaila,WesternSahara
767,Lemheiris,WesternSahara
766,Mahariat,WesternSahara
1385,Kadzi,Zimbabwe
1386,Leopard's Kopje,Zimbabwe
1387,Ziwa (Inyanga),Zimbabwe